auc_roc,ap,brier,precision_05,recall_05,f1_05,precision_cal,recall_cal,f1_cal,calibrated_threshold,best_val_loss,best_epoch
0.7767574292604207,0.5484661707983789,0.20766815543174744,0.4774193548387097,0.5943775100401606,0.5295169946332737,0.5209692451071761,0.5612449799196787,0.5403576607056549,0.5248743718592965,0.04911632133173008,55
