auc_roc,ap,brier,precision_05,recall_05,f1_05,precision_best,recall_best,f1_best,best_threshold,best_val_loss,best_epoch
0.7741730334580332,0.5443769171553157,0.20710422098636627,0.5004366812227075,0.5753012048192772,0.5352638953759925,0.5263653483992468,0.5612449799196787,0.543245869776482,0.5151303,0.04903565326449918,35
