Model,Precision,Recall,F1,Brier,Avg Prec
XGBoost,0.46348733233979134,0.6244979919678715,0.5320786997433704,0.17896652678939165,0.5506151602129945
RandomForest,0.4776923076923077,0.6234939759036144,0.5409407665505227,0.17820094738316064,0.5559160526571219
MLP-A,0.47948511665325827,0.5983935742971888,0.5323805270209915,0.18417508080241982,0.5457138541302143
MLP-B,0.48172217709179527,0.5953815261044176,0.5325550067355186,0.18340952431921384,0.5430311513667399
Ensemble (Avg),0.48857368006304175,0.6224899598393574,0.5474613686534217,0.17970644220042878,0.558566827567445
