Model,Type,AUC-ROC
Ensemble (Avg),Ensemble,0.7806895389778291
RandomForest,Individual,0.7795774994956997
MLP-B,Individual,0.7777393821862794
XGBoost,Individual,0.7757562785388127
MLP-A,Individual,0.7749875071060498
